{"18": -0.0468157226690566, "22": -0.0165922027912223, "16": -0.12240226153409, "28": -0.215719561058098, "19": -0.233065164910714, "14": 0.0352530915742264, "4": -0.228151584355859, "5": -0.1411190007912, "6": -0.11999665772553, "31": 0.0, "11": -0.193153007943263, "10": -0.303214940255296, "21": -0.134108169720294, "7": -0.034640393277922, "8": 0.337282702644805, "3": -0.135093132577719, "20": -0.284608575735915, "24": -0.349365107445776, "2": 0.220288925162921, "29": -0.149908766006792, "1": -0.0273186580375964, "26": -0.246046616184975, "13": -0.122476140522762, "32": -0.327031505426346, "23": -0.237384568211418}