{"24": -0.0336642378992926, "25": -0.138276978884476, "26": 0.157938143471404, "27": 0.165421045970486, "20": 0.148098771309522, "21": -0.177921301006761, "22": 0.215384039243787, "23": -0.0578951242233415, "28": 0.172038672100333, "29": 0.0952957198348095, "40": -0.23209578315933, "41": 0.255203028384225, "1": 0.0324293890855466, "3": 0.134085926317926, "2": 0.0245452325148572, "5": 0.0889499132515176, "4": 0.187001942982455, "7": 0.15961764851078, "6": 0.00430951095880971, "9": 0.203821235728247, "8": 0.0249789066924223, "39": 0.230341108201945, "38": -0.22250709486629, "11": -0.1490837954996, "10": -0.154073082259382, "13": 0.21049051112563, "12": 0.0555422456970098, "15": 0.244743963334109, "14": -0.0430064400635104, "17": 0.18631684926482, "16": 0.119366739607758, "19": 0.283755722966307, "18": 0.112048744743253, "31": 0.0853889043654882, "30": 0.1457371199477, "37": 0.0756722586649588, "36": 0.102011066659264, "35": -0.141000898167147, "34": 0.06386739263194, "33": -0.247543521313872, "32": 0.0815176524057196}