{"18": -0.045428569153247, "22": -0.0611112346898656, "9": 0.317264184612624, "28": -0.229558819991042, "19": -0.19464558243889, "14": 0.0045191196864546, "4": -0.250599642044027, "16": -0.0784063660796801, "25": -0.272515076796702, "17": 0.0, "5": -0.086516392124769, "6": -0.120332514614656, "31": 0.0, "15": -0.0218045706470438, "11": -0.149860907735833, "10": -0.272921354661933, "21": -0.08501585431318, "12": 0.0797167392215711, "7": -0.0514855333596886, "8": 0.317264184612624, "3": -0.182219667350826, "20": -0.211026555202026, "24": -0.295853928329015, "30": 0.0, "27": -0.262741271968323, "2": 0.132929521996269, "29": -0.137968513397596, "23": -0.187472848616866, "26": -0.175109551181639, "13": -0.0698793768815968, "32": -0.285312482416393, "1": -0.0188061943369569}