{"24": -0.279472457640025, "25": 0.0208391192436727, "26": -0.0840861503431859, "27": -0.250330277193741, "20": -0.22039462230659, "21": -0.0293232508329249, "22": -0.279472457640025, "23": -0.224470161138598, "28": -0.24983224350888, "29": -0.0881499406213209, "1": 0.170559298808704, "3": 0.148803050625779, "2": 0.0898181702069363, "5": -0.225081489979315, "4": 0.0698271493140555, "7": -0.263596587489896, "6": -0.242324945092622, "9": -0.224577317995769, "8": -0.245530606419821, "11": 0.0162046819223713, "10": -0.160258046638374, "13": 0.132560850208222, "12": 0.0320375719972845, "15": -0.237212733386746, "14": -0.246538089020676, "17": -0.137857410387336, "16": -0.124293215703638, "19": -0.0057608642264349, "18": -0.128676445098468, "30": -0.192903081680366}