{"24": -0.0584706359112477, "25": -0.0927603837687774, "26": 0.187183916437321, "27": 0.166024729017517, "20": 0.138426648584399, "21": -0.207200675826295, "22": 0.205223154486647, "23": -0.0359522092395848, "28": 0.183179346966879, "29": 0.0598362174329511, "40": -0.229674652862631, "41": 0.230035127019554, "1": 0.00412857855174965, "3": 0.112738129273451, "2": 0.0293633089553278, "5": 0.0473721954069192, "4": 0.168927140156376, "7": 0.121157308686449, "6": 0.0627419070305156, "9": 0.17772792582985, "8": -0.00548116813518514, "39": 0.194077988265941, "38": -0.227548010749624, "11": -0.193406413937654, "10": -0.187183916437321, "13": 0.172316930262886, "12": 0.127570761725675, "15": 0.203202049495756, "14": -0.00857715948723222, "17": 0.224873793109373, "16": 0.0823868990439164, "19": 0.231974848392298, "18": 0.0692740589134436, "31": 0.0681232724863304, "30": 0.180867858218562, "37": 0.0765898202546522, "36": 0.15523011248472, "35": -0.203899382544363, "34": 0.156551144626056, "33": -0.251997254390597, "32": 0.142750809128993}